x1;x2;y
0,187634166;0,878134417;-0,791516588
0,207120414;0,831500963;-0,753785444
0,157439742;0,155872946;-0,296641309
-0,125734036;0,118325316;-0,120361314
-0,067999132;0,844489611;-1,278530525
0,094772265;0,38348259;-0,167592782
0,680590649;0,399781133;0,060012766
-0,013092118;0,532624699;-0,395214502
0,579832243;0,620762759;-0,960001811
-0,073397189;0,453910819;-0,66312058
0,17454389;1,026680322;-1,503345665
0,021446218;0,153467892;0,151429589
0,102508208;0,475569387;0,29373555
0,282928908;0,42441068;0,193091951
0,550674108;0,267088072;-0,337873116
0,273564906;0,978657397;0,163333517
-0,600138876;0,654173214;-0,835811891
-0,020385715;0,487726068;-0,481012828
0,637255051;0,549545559;-0,406365676
0,373607682;0,438678696;-0,09527272
0,409432303;0,593374332;-0,391594551
0,131061436;0,130752057;-0,396381776
0,155539926;0,533294571;-0,153853772
0,644479971;0,322704461;-0,318181079
0,36776783;0,55157424;-0,382782699
-0,23912883;1,141413282;-1,043016665
0,430588072;0,686807336;-1,01202345
0,338215693;0,252286546;0,049304833
-0,240360853;0,134579994;-0,035107309
0,289171805;0,690552338;0,236448805
-0,130412504;0,678561565;-0,681547246
0,168651846;0,671226374;-0,063205191
0,100668913;0,981581768;-2,0123403
0,863300506;0,987779029;-1,396795662
0,221948808;0,446998107;-0,174228384
0,981529084;0,818500997;-0,370924236
-0,384237657;0,693353531;-0,550459235
0,086014291;1,100249103;-1,933773396
-0,058728303;0,500259491;-0,156314793
0,315492789;0,724435871;-1,209496381
0,157247321;0,721355785;-1,094603679
0,531967864;0,35347075;-0,637424557
0,605283444;1,020239008;-0,834401353
0,352538884;0,909033753;-1,289135176
0,397728281;0,008073134;0,371258588
-0,071885098;0,884766094;-1,200939959
0,686152257;0,074939173;-0,106422929
-0,871425788;0,425487258;-0,457733375
-0,28894078;0,169992924;-0,55958139
0,189804386;0,797470509;-0,896202633
0,32880619;0,251939194;-1,043847895
1,317862871;1,151710889;-0,920158904
0,101102513;0,769600979;-0,094497613
0,381614381;0,746024906;-1,232263259
-0,717042044;0,257265142;-0,184601764
-0,192934272;0,396918394;-0,456335859
-0,026194722;1,252177773;-1,347800847
0,493868654;0,789975836;-0,273323815
0,198009107;0,947408547;-0,738762298
0,051960649;0,816907232;-0,233714992
0,514070298;0,706284288;-0,881455293
0,030952125;0,255872373;-0,938464606
0,012030748;0,594784977;-1,192469922
0,698475455;0,406890255;-1,605088942
0,172438137;-0,184210553;0,330271983
0,406336297;0,250529109;0,588506403
0,372029986;1,050341677;-1,864563578
0,557061735;0,498906691;-0,702685176
0,210191001;0,329362233;-0,838045227
-0,08570776;0,915263239;-0,9570776
0,046541258;0,484510522;-0,768727812
0,867027834;0,88257962;-1,597138342
-0,495726291;0,359297275;0,430855347
-0,68452752;0,769196179;-0,071953594
0,645304811;0,510932101;-0,318382271
0,786332445;0,891530083;-1,496438728
0,237151993;0,854231213;-0,313890942
0,270257178;0,48141626;0,076424039
0,316645477;0,564866497;-1,31755433
-0,539887891;0,376384393;-0,066208339
-0,042940013;0,797199584;-0,472771167
0,19242583;0,522514024;-0,560050391
0,48931889;0,987807995;-0,541479474
-0,353917757;1,111320473;-0,893190405
-0,361684182;0,632239285;-1,195310762
0,342152662;0,15439767;0,320960829
0,265394699;1,039150273;-0,592807529
0,688122294;0,371582302;-0,408024948
0,448754499;0,836780344;-1,019027778
-0,298758263;0,796109692;-0,272487509
-0,199388095;0,505419148;-0,834703067
0,422783431;0,885887447;-1,550449748
0,372750131;0,499714343;-0,976257972
-0,483364247;-0,439828195;1,111019464
-0,007142786;0,462041733;0,089280312
0,094553538;0,170462014;0,425903168
-0,150589566;1,004593746;-0,78913293
0,694541409;0,894115875;-1,05361311
-0,013536653;0,291304056;0,394718117
-0,065856127;0,19482487;-0,554599133
-0,136762284;0,194212444;-0,21839588
0,033372465;0,7953522;-1,004325133
0,235499344;0,482126805;-0,331176293
0,089378467;0,565102381;-0,498684473
0,094648075;0,812007427;-0,585688797
0,537382966;0,911567753;-0,929811311
0,676899087;1,016369125;-1,417045923
-0,301005166;0,647133484;-0,700868906
-0,15639963;0,948485556;-0,291415335
-0,514802798;0,383911425;-0,807895632
0,646051089;0,24457764;-0,403811275
-0,103972911;0,226063135;-0,254565707
0,006933426;0,170327496;-0,339929018
0,566270549;1,03696007;-0,731386625
-0,214101751;0,618533202;-0,417287047
0,437957441;-0,052302091;-0,759328517
-0,060543071;0,808113677;-0,403013615
-0,343908854;1,385901169;-0,990017811
0,179747612;0,903052285;-0,699419494
-0,773785593;0,938764159;-1,54501229
0,430339349;0,531760189;-0,492392124
1,170907942;0,382445477;0,124246023
0,160021657;0,737138878;-0,607895007
-0,350898418;0,441969441;-0,184079405
-0,107324197;0,570720017;-0,778934456
-0,023547181;0,331998518;-0,471442869
0,575974714;0,673470421;-0,254305761
-0,112297478;0,095471086;0,294625444
0,184889995;0,317651845;0,183756733
-0,250106368;0,690591458;-0,998601825
0,482082245;0,958618649;-1,145167102
-0,69403339;-0,071005094;-0,698253701
0,417950935;0,549930878;0,218168063
0,1825928;0,860946225;-0,653087457
-0,119069415;0,506727783;-0,05401564
0,852307571;0,186115912;-0,594082852
0,165953601;0,640347089;-1,213257756
0,61296061;0,223115551;-0,267514731
0,966769465;0,693338768;-0,314568723
-0,127155649;0,567192879;0,0469849
0,548968445;0,891912486;-0,844486993
1,006472461;-0,081968326;-0,264783566
0,445013801;0,985443002;-1,122785452
0,164940026;0,792445493;-1,138230523
-0,149282036;0,843825927;-0,937266792
0,9396908;0,235435173;-0,152976082
0,033240339;0,562492811;-0,012502408
0,173057878;0,413032508;-0,252981201
0,130321781;0,397123036;-0,386534689
0,720216339;0,672284961;-1,032380178
-0,003459742;0,327003052;-0,555088289
0,35994733;1,367506617;-1,984273156
-0,158910998;0,945586648;-1,005275573
0,673150568;0,648193188;-0,004103856
-0,837435305;0,668115507;0,046676973
0,325229912;0,126157425;-0,372171032
-0,011383631;0,55207117;-0,399117058
0,667329226;0,732969554;-0,841525319
0,48130466;0,331954162;-0,809991513
-0,041771313;0,249919774;0,126518748
0,357315648;0,667180653;0,227693108
0,561083711;0,48832871;-0,884399806
0,067178748;0,603023281;-0,412900271
-0,019398299;0,872752881;-0,594247243
1,036758337;0,608320114;-1,170423094
0,522104779;0,791136008;-0,436204177
0,08795052;0,692560901;-1,335010997
0,42898315;0,493208636;-1,139049348
0,526658858;0,673715519;-0,620368341
0,125620905;-0,117533623;-0,701443111
-0,332180013;0,812575624;-0,938454503
0,350626625;1,083265803;-0,953173444
0,013058702;0,798700503;-0,472200913
0,536091775;0,069873195;-0,771888007
0,192016737;0,638901595;-0,226106647
-0,254313827;1,454295222;-0,775763678
0,713132245;0,802807673;-0,475611732
0,03628391;0,848636585;-0,905733713
0,071010826;0,580727374;-0,344483549
0,597876969;0,48640165;0,407930525
0,617126358;0,530887162;-0,081931137
0,325562435;1,204261718;-2,375336634
-0,475255985;0,484056098;-1,695293992
0,454221725;0,853359994;-0,961201136
0,893245732;0,291047362;-0,045358254
0,286857986;0,891730239;-0,279571621
0,070770958;0,907376675;-0,112192897
0,547018111;0,241002504;0,180403378
0,046612634;0,26548681;-0,733590271
0,69506581;0,550384307;-1,905953711
-0,311357113;0,445447563;-0,089731355
-0,066803221;0,350078402;0,363491178
0,057565687;0,13876331;-0,35854294
0,424324939;0,568949656;-0,913136369
0,383972156;0,570302123;-0,554828229
0,210958267;0,345546476;-0,838914697
0,032811838;1,073693715;-1,269363759
0,389644262;0,758940023;-0,559923754
-0,05554362;1,054175437;-0,584494972
0,644457216;0,949711343;-0,19748321
0,452515365;0,43102954;-1,391245585
-0,127269198;0,767934733;-0,896284049
0,534604781;0,802390278;-0,268897782
0,306480364;0,644295018;-0,919668565
0,722823186;0,916211139;-0,212978067
0,20202502;0,37484185;-0,592496281
0,489818272;0,891601917;-0,104859387
0,164093814;0,778411121;-1,12233226
0,378832197;0,619473582;-0,385190806
0,696853911;0,908358511;-1,168697038
0,928629337;1,434256831;-0,213602596
0,594131439;0,734800663;-0,229742128
0,518591257;1,051062586;-1,884192873
0,14189255;0,479821729;-0,76670197
-0,005075637;0,061087867;-0,236096412
-0,028986652;0,032768111;0,876777746
0,137679653;0,526448287;-0,101007902
0,249117069;0,441944905;-0,195763386
-0,367329654;0,446209091;-0,491730122
-0,156460802;0,707756819;-0,641580617
0,273270251;1,125465935;-1,047716072
0,630028664;0,476948555;-1,258601596
-0,564929443;0,813055918;-0,991582917
0,191538116;0,425236965;0,003459856
0,539336105;0,667063457;-0,661084326
-0,200007336;1,369544958;-0,193360929
0,021186161;0,6214328;-1,371077877
-0,255036608;0,934817993;-0,690702058
0,0908813;0,97411585;-0,837044693
0,236526969;0,290331613;0,509129661
0,088057563;0,537597717;-0,971487161
0,420155919;1,179040441;-0,949333653
-0,651729506;0,584809575;0,216379756
0,411995672;0,52377833;-0,758379931
-0,099249835;0,384313644;0,300562425
0,192836868;0,780096816;-0,828583696
0,602072386;0,901264231;-1,305932626
0,28502756;0,256787466;-0,777485724
0,847552386;0,979316492;-0,866619557
0,430346495;0,075469388;0,646552475
0,321559818;0,768088691;-0,957984905
0,486675904;0,797375467;-0,708586394
0,307525954;1,056058577;-1,086101941
0,904299968;0,563183143;-1,231444985
0,450483945;1,173296182;-0,882149432
0,245800581;0,794205343;-0,849604786
0,262566845;1,542649315;-1,380810325
0,905487749;-0,046274981;0,470696997
0,630115475;0,56476734;-1,043096287
0,211749988;0,437192336;-0,537826064
0,426076243;0,204404079;-1,309496659
-0,278186022;1,176906401;-0,831816648
-0,045640266;1,003377701;-0,387792267
-0,137631859;0,64394758;-0,829997653
0,000943343;1,080019294;-1,157421672
0,436797994;0,160378632;-0,614693759
-0,265480129;0,337468238;-0,264541619
0,459843143;0,358166011;-0,391370299
-0,156898946;0,772374707;-0,707497804
1,08945443;0,597704183;-0,937521575
0,06796445;0,737945581;-2,12791579
0,156864331;0,200750787;-0,422381565
0,529706039;0,869726171;-1,177112332
0,695945213;0,306026307;0,524123742
-0,094956371;0,580727497;0,27557885
0,390147099;0,848441112;-0,924006351
0,348241989;0,233668848;-0,489150953
-0,118466383;0,493492166;0,160545909
0,113211574;0,190377429;-0,782303672
0,130702639;0,62225409;-0,021807846
0,082255219;1,476498926;-1,505861518
-0,400254068;0,763575399;-0,846606776
0,489928531;0,332303844;-0,167398426
0,089104423;0,57848357;-0,710035935
0,291827246;0,906476812;-0,506588917
0,108093184;0,948174432;-0,303951395
1,013523105;0,687586013;0,085197025
0,74433585;1,19170618;-1,422927803
-0,108250717;1,266152898;-2,023818699
-0,289658794;0,630312082;0,007523839
0,399304753;0,823379335;-0,356817968
0,227999175;0,644119371;-0,456053429
0,782444224;0,979090117;-0,679320977
-0,487821403;0,348016631;-0,189991732
0,035804384;0,179474155;0,103703502
0,282457515;0,583375768;-0,951174757
-0,251794368;0,638851466;-0,385264559
0,840621218;0,95593988;-1,31699436
0,07865797;0,706021311;-0,409666592
0,384774246;0,635278244;0,47361096
0,24091822;0,291629343;-0,290203075
0,814580335;0,442798402;-0,35036395
0,249597547;0,539602875;0,128060371
0,300354683;0,558110225;-0,952305324
-0,334686977;0,431887373;-0,578241108
0,380185426;0,828499285;0,19530664
0,414015653;0,544751104;-0,014631046
-0,475705685;0,476881042;-0,211136757
-0,091133274;0,696133364;-0,923205405
0,160132836;1,086908765;-1,88917516
0,344373544;0,960463678;-0,923539868
0,302592945;0,792547068;-0,415598758
0,272683821;1,016699698;-0,815970133
-0,046633863;0,654293542;-1,346043186
0,587528806;0,041874263;-0,235915413
-0,346899851;0,540798685;-0,70205412
0,280764924;0,91430238;-0,794168209
0,105999749;0,729772052;-0,944973687
0,215310265;0,377325857;-0,015558011
0,040454393;0,23185496;0,432306516
0,114794182;0,918721613;-1,326133917
0,493768222;0,441570728;0,110678383
0,295734789;0,578711378;-0,300552415
0,111942992;0,644869357;0,033624909
0,370088899;0,910417352;-0,4287897
0,115360267;0,491922549;-0,817933062
0,09387704;0,861831317;-0,6151269
0,072082889;0,935109184;-0,296314125
0,432513697;-0,187869135;0,0915012
-0,105161061;-0,091284673;-0,744009059
0,508018255;0,057749311;0,400108694
0,150953032;0,359510453;-0,221899693
0,23703837;0,734203771;-1,143452805
-0,408794658;0,329567343;-0,505195917
-0,11705181;0,576930899;-0,431272683
0,320799346;0,453521522;-0,569308564
-0,156458581;0,375257311;0,09972151
0,998522284;1,035013192;-0,545411419
-0,064596604;-0,057510216;-1,121592887
0,460037608;0,213124713;0,297837139
-0,599120507;0,262574933;-1,517845068
0,299391565;0,911318829;-1,41806273
-0,00407014;0,736385139;-0,832032366
0,567789593;0,58691146;-0,767408059
0,019188391;0,699047099;-1,153719787
0,547686241;-0,248590389;0,292394964
-0,056642818;0,530866512;-1,112843909
0,858582449;0,381717173;0,395105495
-0,127021886;0,870212431;-0,937210177
0,806495745;0,507869562;-0,990709456
0,173292814;1,050277394;-0,78704457
0,231807352;0,163530425;-0,717149432
0,139290675;0,845659317;-0,697344592
0,383482948;0,908926525;-0,54457061
0,209146896;0,746397016;-0,811393262
0,161428979;-0,13555554;0,214848102
0,378665373;0,551352285;0,382108084
0,310845347;0,739329381;-0,959246041
0,383854858;0,85013969;-0,387914741
-0,082457417;0,756153265;-0,982523251
0,251442337;0,852811336;-0,107830675
0,579877021;0,663465505;-0,617005255
1,083759376;0,887453339;-0,133242241
0,047977824;0,372238962;0,121678477
0,028047309;0,7609641;-1,224596036
0,174266137;0,354181279;-0,785913495
0,265331138;0,532720956;-0,207771631
0,152254741;0,513483582;-0,283431932
0,109021809;0,057089722;-0,582157057
-0,065259227;0,886050556;-1,092070278
0,150346982;0,955198336;-1,418862702
0,185940382;0,007620993;0,321504156
0,438252296;0,655474847;-0,414436899
0,563351264;0,196829469;-0,183087728
0,701760099;0,232231855;0,386562349
0,457620941;0,24181953;0,080521551
0,383298651;0,276302019;-0,625032869
0,163874881;0,363039181;-0,558130935
0,581780832;0,813333997;-0,707028906
0,366199083;0,673991116;-1,700414491
0,010177998;1,139408917;-1,13355212
0,324790629;0,514676565;-0,798910113
0,085549245;1,153838379;-1,287109884
0,580196493;0,504136287;-0,802582517
0,203223182;0,078675412;-1,077415563
-0,245476167;0,837176731;-0,763196014
0,17800932;0,332961893;-0,468651693
0,617869588;0,279564854;-0,382586218
0,34586775;0,848377946;-0,700069613
0,76820019;0,358110387;-0,296685485
-0,808509018;0,7009118;-0,313550881
0,129497878;0,537411907;-1,243809135
0,505407334;1,098824907;-0,45856054
0,164493004;0,777186416;-0,571051727
0,106866206;0,806225893;-0,80530919
0,123733372;0,429329804;-0,318415576
0,281268734;0,771968389;0,126357937
-0,541038265;1,049049892;-0,757015518
-0,333998851;0,936308784;-0,417824121
0,673235849;0,499092576;-0,824204066
-0,426343153;0,20668405;-0,138629202
0,138458068;0,223702796;0,030239281
0,301563413;-0,074304085;-0,121191276
-0,041153749;0,575785294;-0,547189619
0,472785781;0,486813696;-0,83677476
-0,201973977;0,721785804;-0,561069129
0,441564484;0,727611013;0,346254543
0,537416272;0,901501407;-0,581444721
-0,202678565;0,888874722;-1,717858558
0,165349811;1,285560284;-1,088567337
0,777661906;0,637181278;-0,654156076
0,323137169;0,645401227;-0,397387644
-0,477760306;0,306621389;-0,996997965
0,180087597;0,935523337;-0,548417915
0,084311557;0,506617187;-0,026207606
0,003208559;0,260092263;-0,72742392
0,553330302;-0,224891917;0,224208816
0,429779936;0,696664775;-0,223516109
-0,010483023;0,857574691;-1,355161031
0,605492074;1,051389664;-0,775573737
0,215475016;1,496576996;-1,469361085
0,039244035;1,167427665;-1,459118149
0,353406344;0,663758362;0,078282462
-0,200127436;0,759465048;-0,140631825
0,277860396;0,382410406;0,006541777
0,437426389;0,727638336;-1,328756646
0,393467974;0,558345307;-0,660623532
0,214801839;1,681921452;-1,106304897
0,493263925;0,205928129;-0,826245003
0,745485461;0,527626817;0,097934886
0,505521469;0,693668476;-0,854989843
-0,381681694;0,704647022;-0,746429396
0,388000199;1,082523836;-1,018219257
0,067285601;0,498417458;-0,474932888
-0,115856274;1,099142229;-1,349508807
0,098680829;0,699974393;-0,815975262
0,707677827;0,454439245;-0,401437369
-0,621250334;0,398561467;0,006744423
-0,44881134;0,42257952;-0,712602754
0,205146995;0,452368351;-0,763480729
0,009304056;1,161642222;-0,358286688
0,756535225;0,361253852;-0,533817328
0,32042473;-0,38162984;0,562393942
0,657505872;0,469642243;-0,159386862
-0,077473412;1,371035978;-1,263236402
0,337602096;0,855799663;0,051323299
-0,241700034;0,40397028;-0,290182416
0,428408154;0,555351278;-0,908137471
0,528765969;0,713567166;-0,560879241
0,39354304;-0,146188666;0,213351134
0,364462012;0,922066935;-0,721006604
0,118960232;0,834247693;-0,332897316
-0,224571189;0,359090415;-0,116242282
0,079588281;1,03448684;-1,637411083
0,082648638;0,336449005;-0,516619994
0,751388736;0,647960428;-1,437141019
0,056749046;0,67560344;-0,411005777
0,174302974;0,494579209;0,153925128
0,021866324;0,415317935;-0,295368253
-0,211363362;0,74103254;-1,150075802
-0,44626566;0,560684125;0,081024293
-0,139416859;0,882472309;-0,10356288
0,282618141;0,334337898;-0,756784977
0,482105467;0,358860191;-0,050721768
0,711617744;0,522629335;-0,31797739
0,044418949;0,593903315;-0,444223287
-0,257387884;1,11304025;-0,078509962
0,709073959;0,429325177;-0,916773245
-0,353789422;0,451351093;-0,128593425
0,482283768;0,564644077;-0,242270979
-0,030466805;0,155642789;-0,915325384
0,597016071;1,47668022;-1,658653298
-0,08712282;1,369335468;-1,527249106
0,056762133;0,379612255;0,632413724
0,201878434;0,816217042;0,259837789
0,537418048;0,097741488;0,002305014
0,405663416;0,913742041;-1,03961084
0,098933108;1,088763737;-0,355224694
0,308302698;0,570609396;-0,151885795
0,466407791;0,657823915;-0,481469426
-0,144638407;0,354606553;0,305356693
0,636648416;0,537011555;-0,336812892
0,293808589;1,28694116;-1,039756522
0,145726728;0,232062981;-1,27748044
0,322115335;0,967226279;-0,950099414
0,385118937;0,613740996;-0,197578659
0,292030024;0,709786969;-0,881286175
0,043011731;0,434910635;-0,061461072
-0,280972773;0,74453733;-0,528241037
0,025400693;1,181185469;-1,132278014
0,240598269;0,688343554;-1,597882438
0,503014402;1,177055134;-0,516453288
0,086220722;0,968576687;-0,915452916
-0,494958586;0,394946606;-0,732965682
0,333966255;0,062930738;-0,464182082
-0,13945735;0,395297318;-0,715943157
0,392838134;0,618947824;-0,531675507
0,233683295;0,243303446;-0,514645215
-0,333598635;-0,080300096;0,046925906
0,200787804;0,605936149;-0,902099909
0,612091348;0,253869683;-0,600097675
0,054819873;0,248799287;0,160667347
0,616267029;0,373111713;-0,497453198
0,339059078;0,415321824;-0,016788613
0,602739494;0,921052942;-1,005407626
0,219524198;0,890865452;0,05044289
-0,560546848;0,982645345;-0,78329776
-0,050127723;1,006508558;-0,925499137
0,22396564;0,744965497;-0,523816015
0,969120175;0,643236125;-0,514542334
0,182128593;-0,165293883;0,411929449
-0,170566122;0,565354321;-0,395785024
0,070526517;0,564997788;-0,799670397
0,488383953;0,466656018;0,280927333
0,554840935;0,69897598;-0,017061271
-0,035693537;0,434277364;-0,371387557
0,031292703;0,522413959;-0,136847579
-0,541565262;0,939079476;-0,028954313
0,679032487;0,500021402;-1,089044836
0,785020576;0,636729438;-1,011075762
0,421837482;0,486174883;0,333482643
-1,039552046;-0,093882783;-0,514269833
0,094606614;0,381499379;0,021017251
0,703505383;0,740129265;-1,261191799
0,118430635;0,581383405;-1,094326982
0,141859123;0,394608015;-0,942903785
0,931988452;0,583405952;-0,104254778
-0,509195852;0,692523215;-0,773457041
0,234850393;0,621021538;-0,496357829
0,218058564;0,445044123;-0,370861449
-0,100999859;0,760353295;-0,369228294
0,286533295;0,387568786;0,114387461
0,305725892;0,3439322;0,278811437
0,1282996;0,335894131;-0,240441624
-0,314223029;1,192717723;-0,824459882
-0,067971864;0,59867238;-0,303535907
0,542576895;0,598111573;-0,692900944
0,547911031;0,787325949;-0,33101171
-0,14524338;0,86851793;-1,443635124
0,04146281;1,624629109;-1,388890254
0,070709477;0,996969823;-1,012562267
-0,129692926;0,758153736;-1,316640186
-0,015952362;0,333060627;0,103123789
0,080171262;0,631574739;-0,733653165
0,028513719;0,472422135;-1,091971919
-0,190589949;1,102033801;-0,490328669
-0,214537897;0,764001183;-1,436565383
0,369999564;0,310138107;-0,352802882
0,028660016;0,551106081;-0,766929031
0,383681334;0,643114369;-0,736005774
0,341830019;0,530619651;-0,867682546
-0,259234209;0,550108032;-0,643509975
0,024717072;0,980022797;-0,532712474
-0,550174711;0,411171113;-0,113634921
-0,388242745;0,667004905;-0,692757249
0,001550854;-0,035796149;0,038325071
-0,637991556;0,801368308;-0,558887769
0,124778383;0,984131767;-0,99082249
0,62695304;1,027776919;-0,235677415
-0,28832092;0,472271804;-0,100113961
0,217879677;0,07290536;-0,005272737
-0,348056046;0,479835874;-0,343913184
0,205951121;0,546567256;-0,544217767
0,294840112;0,53209359;-0,775483373
0,685415285;0,428756826;-0,471479354
0,492147032;0,566960014;-1,079441443
0,35790778;0,026462864;-0,661502285
0,411388629;1,394232168;-0,96366611
-0,068110756;1,144299679;-1,130070362
0,470751926;1,197509602;-0,658207913
0,106248116;0,960791211;-1,163578764
0,317112683;0,338201272;-0,889755411
0,544562229;0,789556549;-1,264685921
0,257330487;0,46679871;-1,753006943
0,625441791;0,596216848;-0,150715502
-0,02526023;0,687431327;-0,95456065
0,569040355;1,242049641;-1,18461507
0,680239824;0,62980634;0,468295289
0,255520768;-0,101072894;-0,516359288
-0,767860134;0,630200884;-0,73000444
-0,209947445;0,631924688;-0,533093856
0,289145685;1,014624127;-1,465750076
0,284003719;0,992370763;-0,566382574
0,093737934;0,626072113;0,473130318
-0,114364154;0,233644094;-0,13401066
0,287306014;0,911947821;-0,890101338
0,26408818;0,742948605;-0,281525163
-0,144343916;0,5956339;-0,894598472
0,291123286;0,62654813;-0,378823012
0,390289161;0,569723773;-0,322413829
0,243108455;0,614733066;0,228405383
0,788270718;0,566921185;-0,179271549
-0,036596652;1,005073872;-0,958748411
0,301530041;0,883476418;-1,341817839
0,037091636;0,253931507;-1,459481621
0,450069338;0,010173937;-0,910369921
0,315589067;0,503331305;-0,821634358
0,810343455;0,545453546;-0,531281179
0,269817275;0,583113109;-0,508696054
0,675269707;0,259049859;0,037873476
0,124306268;1,199378267;-1,336884884
0,253087524;0,451711125;-0,797467135
-0,13918565;0,81572496;-1,586945553
0,207651028;0,352630117;-0,033658043
-0,250419303;0,13495405;-0,417917641
0,607759227;0,527218119;-0,77387624
0,541311621;1,079524986;-0,3850212
-0,04179391;0,792226611;-0,406255953
0,247760603;1,085440596;-1,401739745
0,187276687;0,464563568;-0,478570279
-0,129996354;0,580902439;-0,38852746
0,029767809;0,698862534;-0,425871448
1,278721268;0,473515889;-0,497487848
0,370259725;0,967050463;-0,513201895
-0,304498498;0,443683388;-0,859373875
-0,106952881;0,1430905;0,684523033
0,068466918;0,755907758;-1,556392685
0,188623524;0,099903884;0,120275531
0,727461264;0,439111577;-0,832308408
0,299815343;1,148117736;-1,1093725
0,071391671;0,709035062;-0,423923358
0,787729984;0,779115692;-1,048072117
-0,050289182;0,607971386;-0,661023202
-0,202330873;0,604454413;-0,562259575
0,505144407;0,582828129;-0,261893658
0,021865163;0,584875638;-0,420949181
0,234648227;0,323632366;-0,30436837
0,86627917;0,883443288;-1,584039596
0,157588949;0,580340037;-0,39325448
0,201498684;1,163130899;-0,800370796
0,462702871;0,51241383;-0,573000414
0,526853908;0,635934805;-1,033667833
0,279440771;0,438399432;-0,091574532
0,105320488;0,793645393;-0,716889577
0,295954264;0,965299673;-1,25490814
0,303038403;0,604950804;0,383954484
-0,170688629;1,150224553;-1,677207701
0,537793038;0,903842805;-0,790563537
0,203666467;0,758612448;-1,565022456
0,245774422;0,963165704;-1,48825474
-0,008551996;0,558386984;-0,548747044
0,332418182;1,12095213;-1,059890819
0,241952336;0,199481795;-1,118051293
0,128672251;0,56282387;-0,302293394
0,165553605;0,406421351;-0,208325328
0,298069054;0,194028458;0,514317815
0,024030011;0,576285546;-1,621204302
0,425450972;1,059141527;-1,540469674
0,113721882;-0,050629093;-0,367690019
0,339790289;0,994288957;-1,804785409
-0,242839682;0,739698963;-0,388274216
0,359874351;0,437126578;-0,847119254
-0,055704424;0,008020331;0,783950977
0,249168763;0,650763094;-1,034428956
0,018083246;0,508490894;-0,857023078
-0,092811317;0,496764064;-0,378738782
-0,050404378;0,662144036;-0,616556182
-0,621396782;0,604461581;-0,438093043
0,325860445;1,071566351;-0,739636202
0,135625898;0,645284075;-1,028622573
0,113683222;0,875099754;-0,884857168
0,590564517;1,252076335;-0,357249372
-0,080477974;1,557246782;-0,966717534
0,246966109;0,778679735;-0,841138557
0,797951435;0,905282484;-1,129407335
0,290186709;0,660512817;-0,425071745
0,022202313;0,608551264;-0,650892886
0,408428296;0,841038727;-1,404041739
0,094592082;1,167165302;-0,471745047
0,39077297;0,575371649;-0,35742365
0,559031096;0,118106529;-0,610422832
0,494309081;0,709508966;-0,412734733
0,295962535;0,785215478;-0,114316863
0,026325093;0,606350804;0,244233613
0,094218494;0,370830444;-0,495900977
0,33386671;0,716732846;-0,710151621
0,683424075;-0,052879812;-0,297292702
0,280487953;0,823757434;-0,471752247
-0,184891252;0,829796004;-0,299075781
-0,005726326;0,701577729;-0,561623124
0,759130481;0,403886201;-0,668213311
0,559605921;-0,013246537;-0,208864067
0,228710613;0,333665352;0,095139937
0,585480786;0,499294682;0,365362981
0,526614937;0,81673884;-0,17803611
0,657880228;0,478748934;-1,246707917
0,769921458;0,737366479;-0,528754289
-0,135075409;0,663936996;0,215885727
-0,065371864;1,003602136;-0,713680089
0,546110397;0,273458624;-1,059074537
0,517030269;0,37932995;-0,897520958
1,135246197;0,870512422;-1,374999531
0,04714266;0,497585442;-0,882309616
0,575318881;0,517881331;-0,720472525
0,65735581;0,6620807;-0,863848132
0,567744473;0,770590043;-0,635262162
0,455418011;0,734060308;-0,395116952
0,541516389;0,644054544;-0,236916073
0,139392091;0,237848172;-0,46597004
0,285168787;0,559033185;-0,946730359
0,563105299;0,283401265;-0,264502712
0,33244773;0,460895539;-0,23374401
0,17465919;0,743514721;-0,596670119
0,314127036;0,756517859;-0,54692905
0,537361841;0,230461733;-0,838641166
-0,322997588;0,818048111;-0,432815535
-0,557154096;0,55847785;-0,326496052
0,29393896;0,879874124;-1,241546765
0,614455947;0,461146814;-0,616949401
0,481003434;0,880884574;-1,125063869
0,275596757;0,65483401;-0,644886525
0,274078547;1,379774648;-0,836209207
0,016663772;0,924688557;-1,025364107
0,039199407;0,618835367;-0,596876661
-0,043122513;0,703556605;-0,315655217
0,751152342;0,926425019;-0,969550413
0,520534576;0,5402232;-0,600392042
-0,038953687;1,003476852;-0,913144483
0,351283137;0,945910656;-0,742697818
-0,134853036;0,530036433;0,312354677
0,172486636;0,34214057;-0,236424791
0,191489121;0,303881787;-0,612010861
0,063757171;0,375775941;-1,099033086
-0,104274393;0,747275935;-1,266996278
-0,091418181;0,737177174;-0,22294561
-0,462085319;0,723790276;-0,866772681
0,341480484;0,783041156;-0,305313422
0,028872405;0,62510621;-0,240484729
0,173175394;0,298281223;-1,21740959
0,018337678;0,325976476;-0,864019801
-0,177840868;-0,484751661;0,71535036
0,53194329;0,071552483;0,077564438
0,146898267;1,320119384;-2,663255394
0,743824394;0,55526915;-0,458877652
0,180047471;0,244935697;-0,270744225
0,037015977;1,196274118;-1,423183027
0,376508709;0,903403151;-0,159287497
-0,145021688;-0,142007232;1,15646905
0,212330119;0,462220119;0,073898663
-0,164792538;1,207573036;-1,438116816
0,041492429;0,64162402;-0,282840366
0,503995765;1,214414739;-0,998158009
-0,160449795;0,478146702;-0,240267512
-0,325053255;0,900766773;-1,090799653
-0,037993747;0,520840954;-0,381535675
0,322316592;0,792921642;-1,23062029
0,027457381;0,52403653;-0,168289203
0,700962971;1,097080218;-1,548969027
0,085179058;1,26872128;-1,74795899
0,441063391;0,519306199;-0,782540579
0,203528834;0,540121879;-0,654356909
0,350463326;0,604326957;-0,047361521
0,588954697;0,038930293;0,882637704
0,31514553;0,143144298;0,508834957
0,047456129;0,646849752;0,38863185
-0,460897922;0,951986113;-1,085922445
-0,104151893;0,388233055;-0,082051852
-0,11462493;0,80533307;-0,405959066
-0,092871752;0,157032428;0,020621802
-0,57479466;0,40724046;-0,328129834
-0,140033013;0,437158627;-0,930822967
0,057566664;-0,166878177;-0,622480608
0,428006372;0,705168505;0,679135023
0,28941538;0,388503735;-0,837191384
-0,417858933;1,223538227;-0,679698305
0,777489046;0,392715332;0,303790457
0,221439624;0,442615995;0,522047814
0,320302674;0,044071904;-0,281375752
-0,009869531;0,757667089;-0,928554002
0,876131782;0,194980578;0,224248922
0,279400305;0,917876849;-0,543994893
0,150679157;1,213215736;-0,780987603
0,600160123;0,680874263;-0,8333096
-0,708003885;1,00577164;-0,743991598
0,376860707;0,625947369;-0,62981036
-0,106241596;0,47300354;-0,399198897
-0,200936743;0,91710126;-0,849368496
0,001875153;0,54043477;-0,288890657
-0,445230833;1,10942872;-0,152373416
0,384331417;0,854701782;-1,051366762
-0,00991316;0,277400838;-0,438210943
0,734087741;0,185651164;-0,386993506
0,429119414;1,434444815;-1,692096946
0,533072238;0,546341283;-0,351159894
0,094419597;0,679918565;-1,056456355
0,611783863;0,840034652;-1,53904431
-0,432200261;0,499450067;0,304904563
0,231521217;0,00476076;-0,22873375
0,381176781;0,501025075;-0,251327486
-0,416337448;0,166905962;0,122334755
0,401270701;0,814265279;-0,742148121
0,4873282;0,711223566;-0,585073706
-0,275505366;0,094901786;0,3409808
-0,025152021;0,404679623;-0,268457512
0,305871627;0,383285156;0,543714314
-0,096011215;1,082141632;-0,444300079
0,761690112;0,029806278;-0,651630762
-0,241730184;0,511484763;-0,647474556
0,111613321;0,170201467;-0,897395178
0,223728414;0,939486686;-1,459750218
0,350334529;0,404741955;-0,994587367
0,13123908;0,941963241;-1,487606644
0,524947488;0,998688407;-1,038513843
0,572351957;0,769159461;-0,161810615
0,426397908;0,473283963;-0,171994145
-0,489949343;0,482253406;-0,934873309
0,757009029;0,856827367;-0,430574695
0,164273502;0,673282579;0,328630543
-0,044440652;0,323345769;-0,453049733
0,122485536;0,690450498;-0,734011355
0,515644235;1,185484546;-1,0901627
-0,555137399;0,42773717;-0,899245405
0,371155302;-0,123946409;-0,39509359
-0,169297911;1,075833073;-0,394271163
-0,363089743;0,826109936;-1,245123838
0,843063813;0,611779772;-0,952483615
0,372501881;0,593603483;-0,453609065
0,209165632;1,447055698;-1,018974398
-0,125886665;0,007416418;0,491394114
-0,264533599;0,908900879;-1,261337239
0,588966787;1,501659422;-1,87586982
-0,164667057;0,375518536;-0,336091914
-0,35876233;0,761017467;-0,879124927
-0,378230475;1,37117922;-1,988868721
0,69243013;0,741069515;-1,556987325
0,132029575;0,814220511;-0,648378097
0,52863687;0,65682293;-0,20200669
0,023310308;0,224042491;0,210953302
0,320731132;0,660999994;-0,275178773
0,388200303;0,363440297;0,355154699
0,116974892;0,683223191;-0,638685761
0,147658709;0,208433493;0,211009703
0,020857361;0,739379262;-0,799248053
0,329269149;0,469771159;-0,038587502
-0,31667245;0,494822588;-0,673541612
0,109478914;0,917458851;-0,451687705
0,839609019;0,41880178;-0,095811977
-0,177068618;0,659681898;-0,905153502
0,707221278;0,880006066;-0,187446277
-0,113842564;1,003025338;-0,912536749
-0,182687178;0,670107772;-0,54180781
0,713043284;0,638028235;-1,045517961
-0,265337149;0,875070666;-0,260401749
0,093775152;0,159267813;0,331595445
0,116913364;0,574443254;-1,058236723
0,345647139;0,43840872;0,769312403
0,562106642;0,751722674;0,091973945
-0,377631886;1,122701232;-1,015781176
0,438224545;0,855533718;-0,862220655
0,414069415;0,046313459;-0,600307839
-0,256832566;1,309367919;-0,550437997
0,637394313;0,376873158;-0,479497197
0,755961514;0,655300751;-0,941098603
0,099766272;0,064311455;-0,854930834
-0,437322488;-0,068544881;0,223966212
0,033955176;0,452507066;-1,049391659
0,287575366;1,16473927;-0,830792922
-0,344567511;-0,123713027;-0,279799323
0,552684569;0,552751105;-0,568661478
-0,156739716;0,432894659;-0,005746023
-0,481152673;0,069088201;0,21056944
0,886448849;0,143710153;-0,395045727
0,200843013;1,618779125;-1,820553989
0,50230823;0,113535909;0,680314335
0,072334538;0,157642737;-0,095559225
0,413624136;1,342354631;-1,247932193
-0,04841338;0,647400314;-0,787375047
0,379928718;0,911070132;-0,93713653
0,450303408;0,704112832;-1,158235857
0,326627902;0,264649965;-1,115034586
0,012882272;0,665188924;0,188273335
0,168816202;0,870364038;-0,54988207
0,045416174;1,052210509;-1,448271687
0,286384633;0,934830145;-1,346955112
-0,24162317;0,239861746;-0,519670538
-0,214628434;0,318880105;-0,462354134
-0,138071798;0,387920163;-0,649635907
0,012467833;0,52215363;0,376480993
0,252794513;0,256564543;0,20633474
-0,396597484;-0,027494352;0,774213479
0,460953368;0,57543618;-0,720766925
0,60683734;0,376192008;0,053012115
-0,318349167;0,547369403;-0,782551744
-0,01388833;0,651389398;-0,598118923
0,150687238;0,432653998;0,027102486
-0,036857051;0,6820406;-1,004621331
0,242303401;0,602547526;0,901421648
0,226444866;0,365837909;-0,789963346
0,315267589;0,294883206;1,107857231
-0,171819376;0,701862516;-1,068003434
-0,105325839;1,425086786;-1,171368619
0,739566671;0,321398064;0,110866888
0,38617617;0,706255422;-0,969057847
-0,14264669;0,732827847;-1,149676426
0,658084063;0,748843554;-0,595898986
-0,087608053;0,761082739;-0,573635654
0,207559889;0,61067221;0,175148036
0,186017904;0,191448179;0,086520854
0,0544326;0,912713422;-0,994517493
0,161858088;0,554248385;-0,658318956
0,438255739;-0,041916473;-0,62333917
-0,0786569;0,030478298;-0,219906668
0,447330785;0,298412153;0,226531008
0,37964629;0,165451287;-0,277316491
-0,239663249;0,473101377;-0,48904651
0,139943439;-0,236215704;-0,562587122
0,257394933;0,67879817;-0,677920054
-0,19438305;0,982400981;-0,552711949
-0,257815546;0,619517904;-0,261097989
0,177455055;0,754450132;-0,587942912
-0,429829266;0,661284489;-0,285989944
0,371999905;0,977896348;-0,892152043
0,558053294;0,949809398;-0,55916506
-0,23644661;0,484462313;-0,475957204
0,176835434;1,446583132;-1,374723453
0,101738265;0,420825732;0,074234778
0,259340415;0,956091619;0,027651074
0,438626926;0,584880081;-1,861689151
0,807464165;0,779570442;-0,835742249
0,15742336;0,869008174;-0,989213414
0,263685338;0,676844423;-0,785091698
0,252771572;0,699077722;0,067752753
0,522257417;0,693549676;-0,002476451
-0,029401788;1,041504132;-0,489925178
0,202454793;0,673183389;-0,881882133
-0,177346862;0,508180022;-0,475282303
0,636661281;1,148515231;-1,280458868
0,643211733;0,229397386;-1,42894165
0,515366001;0,44854941;-0,27085538
-0,200695223;0,13678721;0,468731068
-0,136126633;0,42762212;-0,241089148
-0,823609239;0,416006628;-0,353316454
-0,288163752;0,698943083;-0,716716567
0,445601823;0,102948263;0,322064126
0,118760769;0,25264179;-0,431179182
0,3677014;0,906003847;-0,320087039
0,014302739;0,763450208;0,384482181
0,067141388;0,380673512;-1,363010476
0,703773093;0,491082008;-1,046765853
0,446978897;0,740233885;-0,496689998
0,477718877;0,090312995;0,064076688
0,113602552;0,454441808;-0,459501104
0,631137591;0,385146922;-1,078187669
0,099351283;1,082772399;-1,113677829
0,847265562;0,370096728;-0,181466734
0,722278299;1,004334687;-0,923857135
0,570776589;0,868832776;-0,687590305
-0,517758646;0,646009105;0,13844605
0,37722072;0,002076941;-0,367127567
0,445582201;0,405240835;-0,511843734
-0,575090721;0,352100092;0,718582667
-0,200090075;0,862657206;-1,043162015
0,022581799;0,421081136;-0,094501299
0,076543658;0,31448106;-1,172832242
0,162964339;0,614293721;-0,474034782
0,233078634;0,876212781;-0,548137098
0,09041802;1,175129665;-1,796685708
-0,363523817;1,113329837;-1,432383864
0,251008457;0,489843244;-1,171155986
-0,225269513;0,617889126;-0,796998903
0,572775153;-0,492712676;0,015367329
0,761351753;0,867795523;-0,796442981
-0,143892276;0,32768538;-0,324586076
0,683746148;0,612599659;-0,235940638
-0,020431741;0,318577902;-0,702846028
0,560508924;0,250354579;-0,045336699
0,029500002;0,224921913;-0,407198603
-0,019645937;0,578171163;-0,441356343
0,207948424;0,05098822;0,799617229
0,345027897;0,862854475;-0,568266705
0,139659408;0,39798865;-0,68168294
0,370107272;0,919028999;-0,754521669
0,657374799;1,088545085;-1,088863644
0,482857484;0,159479477;0,194377167
0,008059253;0,398805041;-1,133991158
0,396303789;0,585554;-0,319508091
0,285609165;0,339960975;0,029802301
-0,03482481;0,721363501;-0,621345954
0,727318698;0,576255893;0,032730936
-0,191710465;0,102379199;-0,717327278
-0,012154736;0,210690626;-0,138831722
0,039632322;0,844783084;0,224320975
-0,002955725;0,922761683;-0,537416563
-0,017699299;0,846665308;-1,181052336
-0,12037087;0,978418536;-1,086436848
-0,203703962;0,424288046;-0,35201029
0,454995328;0,446407097;-0,212570132
0,572185695;0,33122044;-1,256931468
0,466875358;0,189252442;0,121640729
0,111220684;0,151417245;-0,381114803
-0,414497988;0,079610071;-0,110248555
0,220999835;0,381710564;-0,600594136
-0,363527217;0,974548859;-0,38116064
0,662395309;0,321338917;0,143380933
0,394633987;1,307674544;-0,627516152
0,092230295;0,220901685;-0,355661968
0,038823632;0,261158526;-0,744220717
0,194068215;1,068503101;-1,331902098
0,356927213;0,796305787;0,101845833
0,640793261;0,223212089;-0,148683354
-0,087388573;0,783620736;0,174619926
-0,211636308;1,059268206;-0,822106556
0,225998059;0,770206833;0,499997548
-0,115953878;0,72424859;-0,228667362
-0,21207827;0,949313107;-1,642561237
-0,205299139;0,373551492;-0,046645511
-0,453376436;0,592954778;0,008188339
0,112306855;0,618133593;-0,209619161
-0,089995855;0,793885739;-0,149366379
-0,077277091;0,84596596;-0,205867576
